{"errors":[],"warnings":[],"namedChunkGroups":{"app":{"chunks":[9,2],"assets":["webpack-runtime-544f05ed23d7cc090d87.js","webpack-runtime-544f05ed23d7cc090d87.js.map","app-5948b5bc35af26618b11.js","app-5948b5bc35af26618b11.js.map"],"children":{},"childAssets":{}},"component---node-modules-gatsby-plugin-offline-app-shell-js":{"chunks":[3],"assets":["component---node-modules-gatsby-plugin-offline-app-shell-js-2ab347e8ce9c31b0f61b.js","component---node-modules-gatsby-plugin-offline-app-shell-js-2ab347e8ce9c31b0f61b.js.map"],"children":{},"childAssets":{}},"component---src-templates-flashcards-js":{"chunks":[0,8,1,4],"assets":["0.4089012e2e0b6e5e2d9b.css","0-c9da48ff5b2793702845.js","0-c9da48ff5b2793702845.js.map","8-f546f70276efa1077973.js","8-f546f70276efa1077973.js.map","1.45f69c7922bf0d6956f1.css","1-867f82bb1de51429cbf7.js","1-867f82bb1de51429cbf7.js.map","component---src-templates-flashcards-js-be56b2a8563a0e91d110.js","component---src-templates-flashcards-js-be56b2a8563a0e91d110.js.map"],"children":{},"childAssets":{}},"component---src-pages-404-js":{"chunks":[0,1,5],"assets":["0.4089012e2e0b6e5e2d9b.css","0-c9da48ff5b2793702845.js","0-c9da48ff5b2793702845.js.map","1.45f69c7922bf0d6956f1.css","1-867f82bb1de51429cbf7.js","1-867f82bb1de51429cbf7.js.map","component---src-pages-404-js-7e6c497345964ff609a5.js","component---src-pages-404-js-7e6c497345964ff609a5.js.map"],"children":{},"childAssets":{}},"component---src-pages-index-js":{"chunks":[0,1,6],"assets":["0.4089012e2e0b6e5e2d9b.css","0-c9da48ff5b2793702845.js","0-c9da48ff5b2793702845.js.map","1.45f69c7922bf0d6956f1.css","1-867f82bb1de51429cbf7.js","1-867f82bb1de51429cbf7.js.map","component---src-pages-index-js-d94387f1744b90891734.js","component---src-pages-index-js-d94387f1744b90891734.js.map"],"children":{},"childAssets":{}}},"assetsByChunkName":{"app":["webpack-runtime-544f05ed23d7cc090d87.js","app-5948b5bc35af26618b11.js"],"component---node-modules-gatsby-plugin-offline-app-shell-js":["component---node-modules-gatsby-plugin-offline-app-shell-js-2ab347e8ce9c31b0f61b.js"],"component---src-templates-flashcards-js":["0.4089012e2e0b6e5e2d9b.css","0-c9da48ff5b2793702845.js","8-f546f70276efa1077973.js","1.45f69c7922bf0d6956f1.css","1-867f82bb1de51429cbf7.js","component---src-templates-flashcards-js-be56b2a8563a0e91d110.js"],"component---src-pages-404-js":["0.4089012e2e0b6e5e2d9b.css","0-c9da48ff5b2793702845.js","1.45f69c7922bf0d6956f1.css","1-867f82bb1de51429cbf7.js","component---src-pages-404-js-7e6c497345964ff609a5.js"],"component---src-pages-index-js":["0.4089012e2e0b6e5e2d9b.css","0-c9da48ff5b2793702845.js","1.45f69c7922bf0d6956f1.css","1-867f82bb1de51429cbf7.js","component---src-pages-index-js-d94387f1744b90891734.js"]}}